threshold,threshold_combined
0.999899600753108,0.999999999388658
