threshold,threshold_combined
0.996053899770681,0.999999999388658
