threshold,threshold_combined
0.4413384963629881,0.9999999950656784
